<theme>
<formatVersion>7</formatVersion>
<include>./../theme.xml</include>

<view name="basic, detailed, video, grid">
    <text name="nameLabel" extra="true">
    <text>Cave Story</text>
  </text>
</view>    

<view name="system">
  <text name="sys_line2" extra="true">
    <text>Cave Story</text>

  </text> 
  <text name="shortdescription" extra="true">
   <text>Cave Story · Game Engine</text>
  </text>
  <text name="longdescription" extra="true">
   <text>Cave Story was developed over five years by Japanese independent developer Daisuke "Pixel" Amaya in his free time</text>
  </text>
 </view>
</theme>
